Opportunity_ID,Target
10689,0.6358908
10690,0.58667475
10691,0.2131876
10692,0.41903716
10693,0.9193479
10694,0.9193479
10695,0.61469686
10696,0.32557285
10697,0.6232723
10698,0.45344767
10699,0.7159657
10700,0.3116575
10701,0.4149103
10702,0.42691967
10703,0.17769735
10704,0.93143064
10705,0.80660933
10706,0.725229
10707,0.6227691
10708,0.20716946
10709,0.6862441
10710,0.7859045
10711,0.7272067
10712,0.92853975
10713,0.831442
10714,0.46902883
10715,0.84534794
10716,0.8981107
10717,0.53593975
10718,0.325441
10719,0.7292694
10720,0.50123996
10721,0.14902286
10722,0.6501
10723,0.3465679
10724,0.91167444
10725,0.6855542
10726,0.61214334
10727,0.24099511
10728,0.6807282
10729,0.4984257
10730,0.6404457
10731,0.14232111
10732,0.2336682
10733,0.3543337
10734,0.21720243
10735,0.88481957
10736,0.9142988
10737,0.6929196
10738,0.5801021
10739,0.19055797
10740,0.2982367
10741,0.8694442
10742,0.27640083
10743,0.42516753
10744,0.42270577
10745,0.42270577
10746,0.42270577
10747,0.42270577
10748,0.3942858
10749,0.6968366
10750,0.81094843
10751,0.3904265
10752,0.3904265
10753,0.50430596
10754,0.66982615
10755,0.8862394
10756,0.84768486
10757,0.110153794
10758,0.06387361
10759,0.058455877
10760,0.05584123
10761,0.88542736
10762,0.9085799
10763,0.6144085
10764,0.8307226
10765,0.21720243
10766,0.7961634
10767,0.8334582
10768,0.702569
10769,0.5684993
10770,0.7617225
10771,0.06392769
10772,0.84790015
10773,0.4396182
10774,0.6343679
10775,0.5595889
10776,0.69951373
10777,0.83422816
10778,0.8316076
10779,0.91276634
10780,0.6743525
10781,0.7632208
10782,0.5567353
10783,0.2820623
10784,0.80394614
10785,0.55212295
10786,0.03958673
10787,0.8000401
10788,0.5034399
10789,0.06895887
10790,0.7503552
10791,0.75246465
10792,0.6407352
10793,0.79201096
10794,0.79201096
10795,0.8307226
10796,0.4498655
10797,0.5233898
10798,0.44126666
10799,0.48559067
10800,0.38066846
10801,0.31919107
10802,0.44018874
10803,0.028164918
10804,0.91724855
10805,0.029661005
10806,0.7703237
10807,0.2568333
10808,0.34373173
10809,0.56392187
10810,0.040715154
10811,0.06077429
10812,0.69563913
10813,0.042449955
10814,0.036148712
10815,0.64951587
10816,0.4962853
10817,0.12431525
10818,0.82970506
10819,0.06884183
10820,0.50864613
10821,0.03943346
10822,0.02693037
10823,0.88177985
10824,0.10399808
10825,0.88729817
10826,0.52756304
10827,0.9101761
10828,0.8735572
10829,0.85049677
10830,0.33211055
10831,0.7194128
10832,0.7136242
10833,0.37440413
10834,0.053331148
10835,0.26409653
10836,0.8446656
10837,0.8201229
10838,0.23666634
10839,0.0686818
10840,0.22378838
10841,0.058161072
10842,0.18236053
10843,0.18236053
10844,0.70137733
10845,0.84456956
10846,0.5778807
10847,0.64830005
10848,0.058455877
10849,0.8859518
10850,0.89286095
10851,0.0876153
10852,0.8795418
10853,0.85141534
10854,0.8905104
10855,0.8864896
10856,0.8503726
10857,0.88973206
10858,0.8710438
10859,0.03130037
10860,0.104706615
10861,0.034208775
10862,0.21720243
10863,0.13300514
10864,0.9127843
10865,0.8800441
10866,0.03260897
10867,0.08638135
10868,0.58466935
10869,0.08518011
10870,0.35490698
10871,0.89985126
10872,0.03727355
10873,0.12773089
10874,0.8334582
10875,0.92624176
10876,0.94493985
10877,0.7564671
10878,0.7021161
10879,0.22068848
10880,0.089542866
10881,0.8820676
10882,0.4682066
10883,0.15147696
10884,0.14105904
10885,0.8565471
10886,0.7121253
10887,0.45057058
10888,0.5539423
10889,0.71940595
10890,0.5539423
10891,0.8424939
10892,0.73361605
10893,0.0661474
10894,0.8424939
10895,0.5563551
10896,0.7961634
10897,0.81114316
10898,0.06808343
10899,0.4650684
10900,0.43284696
10901,0.9017005
10902,0.30626315
10903,0.03505359
10904,0.81723857
10905,0.8602857
10906,0.87635285
10907,0.30666292
10908,0.049540874
10909,0.78289545
10910,0.03594358
10911,0.87828416
10912,0.5051296
10913,0.80650914
10914,0.07267475
10915,0.85946906
10916,0.47762564
10917,0.41689724
10918,0.7201398
10919,0.18734847
10920,0.49211553
10921,0.7567855
10922,0.32550186
10923,0.85349387
10924,0.7739568
10925,0.6929647
10926,0.047304492
10927,0.056986723
10928,0.78267187
10929,0.82564974
10930,0.6338235
10931,0.8270456
10932,0.5974234
10933,0.190478
10934,0.74492055
10935,0.53988177
10936,0.74237245
10937,0.046179216
10938,0.4472218
10939,0.63832146
10940,0.59171855
10941,0.07797045
10942,0.061724003
10943,0.09587185
10944,0.04791313
10945,0.6341097
10946,0.8922375
10947,0.21931592
10948,0.48604703
10949,0.8519466
10950,0.04318616
10951,0.034643035
10952,0.46458715
10953,0.2478616
10954,0.4086424
10955,0.16051528
10956,0.12366362
10957,0.16356902
10958,0.1261216
10959,0.035926893
10960,0.87828416
10961,0.49858636
10962,0.0669586
10963,0.05791758
10964,0.85049677
10965,0.03819531
10966,0.8803679
10967,0.80967116
10968,0.03665409
10969,0.77884054
10970,0.15708603
10971,0.39243844
10972,0.41893944
10973,0.16313261
10974,0.4764856
10975,0.7221194
10976,0.8846889
10977,0.8518927
10978,0.8224492
10979,0.8372416
10980,0.37734422
10981,0.39649287
10982,0.28792927
10983,0.28792927
10984,0.04696665
10985,0.08087305
10986,0.81114316
10987,0.8227752
10988,0.31268707
10989,0.15664217
10990,0.42447546
10991,0.14072616
10992,0.039486922
10993,0.9307723
10994,0.036681183
10995,0.5937564
10996,0.5500265
10997,0.3780667
10998,0.885401
10999,0.5155889
11000,0.045795586
11001,0.21972048
11002,0.3852794
11003,0.064061314
11004,0.7292694
11005,0.2576188
11006,0.23983477
11007,0.89216185
11008,0.11856306
11009,0.93748915
11010,0.94881403
11011,0.34788892
11012,0.64247596
11013,0.306462
11014,0.79379624
11015,0.5907395
11016,0.044435624
11017,0.76071835
11018,0.1927331
11019,0.6036898
11020,0.11420523
11021,0.8362148
11022,0.68901855
11023,0.22113594
11024,0.17163259
11025,0.86650425
11026,0.85762554
11027,0.8348122
11028,0.37704065
11029,0.8661256
11030,0.5249802
11031,0.9408254
11032,0.5304231
11033,0.94199747
11034,0.05244979
11035,0.043118857
11036,0.6582117
11037,0.5893047
11038,0.5957477
11039,0.73458344
11040,0.043951992
11041,0.7656334
11042,0.3283761
11043,0.43861687
11044,0.7465358
11045,0.04455319
11046,0.47991276
11047,0.53046983
11048,0.17138027
11049,0.17018695
11050,0.6529546
11051,0.68680245
11052,0.053337995
11053,0.051438507
11054,0.079784796
11055,0.6065798
11056,0.07888108
11057,0.6097071
11058,0.03008518
11059,0.29618853
11060,0.27185738
11061,0.2856388
11062,0.047458895
11063,0.81114316
11064,0.81114316
11065,0.9191453
11066,0.8665484
11067,0.69165784
11068,0.8054233
11069,0.037915766
11070,0.79687774
11071,0.073430896
11072,0.68680245
11073,0.6905509
11074,0.24032386
11075,0.53434277
11076,0.77013415
11077,0.3368098
11078,0.8290347
11079,0.6734477
11080,0.34031683
11081,0.589892
11082,0.044484437
11083,0.028004432
11084,0.029118508
11085,0.5664827
11086,0.7846771
11087,0.8957814
11088,0.025227822
11089,0.05386822
11090,0.033096544
11091,0.79824543
11092,0.5624419
11093,0.5624419
11094,0.3462286
11095,0.835379
11096,0.8428645
11097,0.07168853
11098,0.27996653
11099,0.3147607
11100,0.37862322
11101,0.7457848
11102,0.713957
11103,0.281696
11104,0.52421796
11105,0.04124152
11106,0.06024547
11107,0.04782998
11108,0.8966447
11109,0.64119333
11110,0.7715126
11222,0.32621238
11223,0.82215905
11224,0.7961634
11225,0.054754943
11226,0.91505635
11227,0.034987252
11228,0.5841824
11229,0.8644662
11230,0.81853163
11231,0.9054956
11232,0.8513615
11233,0.8964768
11234,0.77090514
11235,0.05177133
11236,0.88901097
11237,0.16944484
11238,0.69996226
11239,0.047304492
11240,0.050768234
11241,0.88895756
11242,0.8381676
11243,0.12777057
11244,0.03598304
11245,0.81964886
11246,0.060202066
11247,0.03645453
11248,0.24394497
11249,0.6993841
11250,0.58200085
11251,0.8671696
11252,0.34407625
11253,0.7657649
11254,0.32591432
11255,0.5149087
11256,0.9101761
11257,0.038840998
11258,0.07315982
11259,0.9175246
11260,0.9020629
11261,0.34625095
11262,0.9485689
11263,0.94430906
11264,0.55183446
11265,0.058203157
11266,0.047548153
11267,0.87885207
11268,0.5745467
11269,0.12356138
11270,0.09980779
11271,0.20799689
11272,0.46569476
11273,0.75586116
11274,0.8780081
11275,0.8750291
11276,0.81114316
11277,0.7961634
11278,0.23787962
11279,0.09269215
11280,0.23405766
11281,0.14128853
11282,0.6374634
11283,0.067261174
11284,0.14054658
11285,0.18613519
11286,0.08754276
11287,0.9317315
11288,0.7270531
11289,0.28123116
11290,0.4124888
11291,0.10697852
11292,0.07060394
11293,0.8424939
11294,0.039383877
11295,0.6295767
11296,0.06600758
11297,0.029772371
11298,0.38979968
11299,0.9001825
11300,0.36808142
11301,0.3678542
11302,0.4579771
11303,0.6322735
11304,0.8294113
11305,0.17776343
11306,0.053929895
11307,0.062894695
11308,0.8921205
11309,0.7612119
11310,0.5373022
11311,0.6660114
11312,0.3113516
11313,0.3841344
11314,0.057352927
11315,0.6550501
11316,0.83590174
11317,0.2088133
11318,0.34812465
11319,0.87709165
11320,0.81964886
11321,0.5438875
11322,0.8661256
11323,0.8661256
11324,0.8663496
11325,0.04664617
11326,0.061140716
11327,0.061967038
11328,0.7448012
11329,0.044495836
11330,0.05476087
11331,0.20896316
11332,0.8158401
11333,0.8047104
11334,0.6993841
11335,0.8758078
11336,0.6008834
11337,0.76836723
11338,0.6971367
11339,0.41627124
11340,0.10527531
11341,0.04752214
11342,0.8480368
11343,0.63157123
11344,0.19731958
11345,0.84355855
11346,0.04154361
11347,0.31487456
11348,0.9040174
11349,0.8058678
11350,0.036477707
11351,0.051109683
11352,0.85761917
11353,0.8971878
11354,0.059432402
11355,0.04065498
11356,0.3448914
11357,0.87997854
11358,0.06681524
11359,0.032490525
11360,0.21574964
11361,0.68437654
11362,0.6545781
11363,0.06260536
11364,0.031374145
11365,0.93261945
11366,0.8882645
11367,0.04242391
11368,0.7360268
11369,0.06105945
11370,0.80897385
11371,0.7929789
11372,0.69584346
11373,0.046175763
11374,0.7127383
11375,0.6174406
11376,0.19458394
11377,0.10499671
11378,0.17374235
11379,0.70180076
11380,0.6278764
11381,0.47533613
11382,0.724609
11383,0.8613596
11384,0.85783625
11385,0.041919537
11386,0.6404651
11387,0.48208883
11388,0.922719
11389,0.05870329
11390,0.053365905
11391,0.053365905
11392,0.05140493
11393,0.6582008
11394,0.72489095
11395,0.4504336
11396,0.8073077
11397,0.21159227
11398,0.8179711
11399,0.3398506
11400,0.8319991
11401,0.347849
11402,0.34575522
11403,0.30801
11404,0.072889656
11405,0.072889656
11406,0.038690224
11407,0.7822795
11408,0.7209846
11409,0.256356
11410,0.32064524
11411,0.29676902
11412,0.7292694
11413,0.7058705
11414,0.89341944
11415,0.051047187
11416,0.83459425
11417,0.8795418
11418,0.4056313
11419,0.89713883
11420,0.2950599
11421,0.061900374
11422,0.058700707
11423,0.16639283
11424,0.83115846
11425,0.835604
11426,0.866821
11427,0.6145158
11428,0.048890784
11429,0.05850173
11430,0.054740038
11431,0.06405534
11432,0.06405534
11433,0.04674345
11434,0.04674345
11435,0.81315047
11436,0.08518011
11437,0.33145738
11438,0.12316042
11439,0.93775296
11440,0.8127291
11441,0.8116823
11442,0.03598304
11443,0.2568333
11444,0.19913033
11445,0.85954535
11446,0.8872954
11447,0.04395678
11448,0.05550554
11449,0.057888318
11450,0.34702933
11451,0.25160542
11452,0.35687998
11453,0.14945683
11454,0.15760872
11455,0.08167611
11456,0.49858636
11457,0.26347834
11458,0.5696378
11459,0.034958214
11460,0.14998785
11461,0.76066256
11462,0.661953
11463,0.41868624
11464,0.6617293
11465,0.5417837
11466,0.51198196
11467,0.40731353
11468,0.6400168
11469,0.21037942
11470,0.45174402
11471,0.4984257
11472,0.31827775
11473,0.94128656
11474,0.43780956
11475,0.8795418
11476,0.63985246
11477,0.880815
11478,0.91395307
11479,0.72361755
11480,0.079729974
11481,0.054293096
11482,0.046522398
11483,0.09526549
11484,0.03509001
11485,0.09648189
11486,0.11078189
11487,0.040720887
11488,0.88542736
11489,0.83840024
11490,0.650462
11491,0.5009853
11492,0.437369
11493,0.7060593
11494,0.42585078
11495,0.473498
11496,0.064170025
11497,0.77416694
11498,0.04083915
11499,0.7795539
11500,0.9331036
11501,0.9111488
11502,0.36750874
11503,0.791518
11504,0.41873488
11505,0.7160677
11506,0.764783
11507,0.15640983
11508,0.8693631
11509,0.8387988
11510,0.5068123
11511,0.8560564
11512,0.8560564
11513,0.5945699
11514,0.88542736
11515,0.100176826
11516,0.7632738
11517,0.5661583
11518,0.063944094
11519,0.7095331
11520,0.78933835
11521,0.8726349
11522,0.67272687
11523,0.038911223
11524,0.88542736
11525,0.88542736
11526,0.88542736
11527,0.88542736
11528,0.91523546
11529,0.51389563
11530,0.053129632
11531,0.06385429
11532,0.7255028
11533,0.298892
11534,0.30023888
11535,0.39309597
11536,0.7971784
11537,0.23665956
11538,0.044495836
11539,0.43969494
11540,0.92639524
11541,0.24753335
11542,0.51389563
11543,0.63646543
11544,0.64415634
11545,0.46631128
11546,0.29560494
11547,0.25511158
11548,0.64825934
11549,0.25511158
11550,0.0371089
11551,0.64335763
11552,0.46892202
11553,0.11248935
11554,0.46892202
11555,0.049562175
11556,0.033401083
11557,0.48425466
11558,0.16277403
11559,0.42372903
11560,0.3787604
11561,0.06611057
11562,0.04659172
11563,0.64897937
11564,0.788715
11565,0.85787255
11566,0.11965833
11567,0.50691503
11568,0.78692544
11569,0.67800266
11570,0.4508552
11571,0.63123345
11572,0.23535274
11573,0.76144266
11574,0.61214334
11575,0.7973223
11576,0.6690749
11577,0.6969501
11578,0.10697852
11579,0.03594358
11580,0.8768478
11581,0.27640083
11582,0.51582766
11583,0.85061467
11584,0.7279634
11585,0.7867781
11586,0.5930882
11587,0.8992558
11588,0.85954535
11589,0.8901167
11590,0.3552307
11591,0.31817812
11592,0.30160743
11594,0.7724215
11595,0.8781653
11596,0.7619857
11597,0.6238178
11598,0.8663496
11599,0.8663496
11600,0.5251285
11601,0.903007
11602,0.8343414
11603,0.034778718
11604,0.20992328
11605,0.28532204
11606,0.19734928
11607,0.23269463
11608,0.03397471
11609,0.04033799
11610,0.06587401
11611,0.39848506
11612,0.49117684
11613,0.4454171
11614,0.5284963
11615,0.43335944
11616,0.51965773
11617,0.6880454
11618,0.421668
11619,0.047564637
11620,0.84527594
11621,0.10380218
11622,0.17631462
11623,0.043172628
11624,0.9360379
11625,0.074114285
11626,0.42729834
11627,0.81768066
11628,0.6776279
11629,0.34777343
11630,0.122251205
11631,0.7297421
11632,0.6385623
11633,0.5728042
11634,0.038460273
11635,0.07378966
11636,0.74651456
11637,0.07843962
11638,0.599467
11639,0.03707615
11640,0.858268
11641,0.45964763
11642,0.23214488
11643,0.77027476
11644,0.77027476
11645,0.77027476
11646,0.87981147
11647,0.037936494
11648,0.28807932
11649,0.7516373
11650,0.82454133
11651,0.6203166
11652,0.7580519
11653,0.4086424
11654,0.92689055
11655,0.8926908
11656,0.45965928
11657,0.530952
11658,0.89104193
11659,0.7436343
11660,0.027617756
11661,0.936687
11662,0.57784075
11663,0.89341944
11664,0.039265558
11665,0.068379365
11666,0.6468443
11668,0.03224721
11669,0.06647232
11670,0.31172904
11671,0.33155334
11672,0.33519417
11673,0.39734417
11674,0.80923706
11675,0.32479495
11676,0.30857384
11677,0.60588557
11678,0.60588557
11679,0.11446474
11680,0.058782637
11681,0.22840247
11682,0.034797765
11683,0.21131094
11684,0.03139369
11685,0.037371546
11686,0.037112318
11687,0.14944866
11688,0.13323103
11689,0.060580652
11690,0.034217227
11691,0.034217227
11692,0.05829519
11693,0.04222778
11694,0.67429805
11695,0.761063
11696,0.88249636
11697,0.85575354
11698,0.055264626
11699,0.8205314
11700,0.85946906
11701,0.062197283
11702,0.832664
11703,0.045145076
11704,0.06360366
11705,0.43275914
11706,0.065214396
11707,0.8663496
11708,0.8344072
11709,0.75340927
11710,0.75340927
11711,0.70184976
11712,0.75911844
11713,0.8215996
11714,0.033807054
11715,0.033001658
11716,0.033807054
11717,0.7402657
11718,0.56638736
11719,0.23754217
11720,0.23754217
11721,0.922338
11722,0.60643876
11723,0.5850341
11724,0.17804918
11725,0.6682164
11726,0.26423958
11727,0.62348837
11728,0.8725211
11729,0.15985924
11730,0.8745602
11731,0.49727112
11732,0.1877295
11733,0.835346
11734,0.8925421
11735,0.8665484
11736,0.94012874
11737,0.49334225
11738,0.30632064
11739,0.12301949
11740,0.19427884
11741,0.52249426
11742,0.47843766
11743,0.2961014
11744,0.23651612
11745,0.22613466
11746,0.1306426
11747,0.6997633
11748,0.026457101
11749,0.27320394
11750,0.8391376
11751,0.7356118
11752,0.73570913
11753,0.73570913
11754,0.28908417
11755,0.5511781
11756,0.5498253
11757,0.19008268
11758,0.7483082
11759,0.81094843
11760,0.45951438
11761,0.06297637
11762,0.049332857
11763,0.87828267
11764,0.8762939
11765,0.16719793
11766,0.6145158
11767,0.03499024
11768,0.8663496
11769,0.7961634
11770,0.31400755
11771,0.903007
11772,0.44316542
11773,0.499913
11774,0.87392765
11775,0.87392765
11776,0.87392765
11777,0.8665484
11778,0.5090805
11779,0.037941463
11780,0.716557
11781,0.73400116
11782,0.8747775
11783,0.506857
11784,0.06436044
11785,0.8702934
11786,0.16296785
11787,0.80146575
11788,0.13317785
11789,0.38298327
11790,0.7031764
11791,0.06616572
11792,0.09525978
11793,0.18047427
11794,0.7822775
11795,0.59784174
11796,0.73152095
11797,0.5168702
11798,0.32245818
11799,0.7971784
11800,0.88903964
11801,0.8309255
11802,0.88481957
11803,0.8870466
11804,0.7165612
11805,0.59663343
11806,0.5555911
11807,0.85349387
11808,0.058889426
11809,0.21982476
11810,0.21982476
11811,0.922338
11812,0.5246137
11813,0.07232093
11814,0.69788146
11815,0.5330864
11816,0.08952689
11817,0.45279428
11818,0.12534319
11819,0.6067216
11820,0.7721853
11821,0.78289545
11822,0.75535095
11823,0.20376556
11824,0.37429386
11825,0.03506037
11826,0.29459238
11827,0.2831504
11828,0.23726563
11829,0.77407193
11830,0.379338
11831,0.6384932
11832,0.78289545
11833,0.78289545
11834,0.12777057
11835,0.78289545
11836,0.78289545
11837,0.78289545
11838,0.78289545
11839,0.78289545
11840,0.78289545
11841,0.12501627
11842,0.115810096
11843,0.46011144
11844,0.78289545
11845,0.78289545
11846,0.78289545
11847,0.78289545
11848,0.78289545
11849,0.78289545
11850,0.78289545
11851,0.78289545
11852,0.78289545
11853,0.42287922
11854,0.42287922
11855,0.42287922
11856,0.029779369
11857,0.03883646
11858,0.65330756
11859,0.07060394
11860,0.78289545
11861,0.73570913
11862,0.7356118
11863,0.7356118
11864,0.73570913
11865,0.73570913
11866,0.73570913
11867,0.73570913
11868,0.9193479
11869,0.6953414
11870,0.82173014
11871,0.3770981
11872,0.87490493
11873,0.92988336
11874,0.87490493
11875,0.48204124
11876,0.39734417
11877,0.42581537
11878,0.06456384
11879,0.79462254
11880,0.37448087
11881,0.39044508
11882,0.17580333
11883,0.22888471
11884,0.69767743
11885,0.76194346
11886,0.8526256
11887,0.8201205
11888,0.79494774
11889,0.11783849
11890,0.7573867
11891,0.13135913
11892,0.13135913
11893,0.13135913
11894,0.13135913
11895,0.12777904
11896,0.7935971
11897,0.85378194
11898,0.31360778
11899,0.8198493
11900,0.48272467
11901,0.4205395
11902,0.4872922
11903,0.46132854
11904,0.41952628
11905,0.4207861
11906,0.47632077
11907,0.4207861
11908,0.7920439
11909,0.7356118
11910,0.7356118
11911,0.64729357
11912,0.39309597
11913,0.79197854
11914,0.7750442
11915,0.52554864
11916,0.8448283
11917,0.031591065
11918,0.7142734
11919,0.8892228
11920,0.58541334
11921,0.7260796
11922,0.8657162
11923,0.3035319
11924,0.058281764
11925,0.052999575
11926,0.78685874
11927,0.5803908
11928,0.54773563
11929,0.58815527
11930,0.54773563
11931,0.38681027
11932,0.2619465
11933,0.69534653
11934,0.058215037
11935,0.49528444
11936,0.89637595
11937,0.92853975
11938,0.92689055
11939,0.9148987
11940,0.7617138
11941,0.8550811
11942,0.060823694
11943,0.56319326
11944,0.7829301
11945,0.032581415
11946,0.028004432
11947,0.12408642
11948,0.7108163
11949,0.60801464
11950,0.1691044
11951,0.28678012
11952,0.5186779
11953,0.86054933
11954,0.752398
11955,0.5186126
11956,0.04681003
11957,0.2603336
11958,0.5756842
11959,0.7356118
11960,0.62715966
11961,0.5516873
11962,0.85057455
11963,0.8682911
11964,0.8251374
11965,0.62879056
11966,0.703703
11967,0.6181505
11968,0.9023859
11969,0.1975461
11970,0.42333448
11971,0.12689996
11972,0.5318677
11973,0.6072686
11974,0.4124385
11975,0.67775875
11976,0.63608193
11977,0.28191254
11978,0.49300557
11979,0.15808758
11980,0.9281521
11981,0.67344534
11982,0.9119214
11983,0.056608878
11984,0.056912035
11985,0.85017294
11986,0.2635284
11987,0.7148658
11988,0.45434746
11989,0.46628436
11990,0.68176067
11991,0.78128266
11992,0.80892575
11993,0.64519286
11994,0.74281114
11995,0.049532123
11996,0.23395486
11997,0.8995149
11998,0.74143744
11999,0.94012874
12000,0.92131
12001,0.2851137
12002,0.055864133
12003,0.39655152
12004,0.46610764
12005,0.6390996
12006,0.79548657
12007,0.73152095
12008,0.73152095
12009,0.7571895
12010,0.63646543
12011,0.5742319
12012,0.04484238
12013,0.39452773
12014,0.88378054
12015,0.94037396
12016,0.39793494
12017,0.4199716
12018,0.05042529
12019,0.57707024
12020,0.71602
12021,0.3315974
12022,0.0284725
12023,0.39294016
12024,0.7294957
12025,0.039840464
12026,0.44740492
12027,0.3077546
12028,0.5183736
12029,0.44348514
12030,0.47243267
12031,0.82851946
12032,0.8343414
12033,0.085069574
12034,0.18055062
12035,0.83412826
12036,0.5589564
12037,0.8563179
12038,0.3786459
12039,0.37331256
12040,0.34702048
12041,0.8473255
12042,0.5041957
12043,0.88706106
12044,0.70750463
12045,0.7119235
12046,0.70750463
12047,0.70750463
12048,0.22115847
12049,0.93037796
12050,0.8073863
12051,0.07745773
12052,0.04128079
12053,0.5525598
12054,0.037769075
12055,0.7056111
12056,0.029493662
12057,0.52774817
12058,0.39329913
12059,0.090648994
12060,0.75506
12061,0.9076249
12062,0.88492376
12063,0.67181987
12064,0.579244
12065,0.80333585
12066,0.63429636
12067,0.63429636
12068,0.63429636
12069,0.63429636
12070,0.28677273
12071,0.04766577
12072,0.16963492
12073,0.69534653
12074,0.84057474
12075,0.9108583
12076,0.9598603
12077,0.85017294
12078,0.8526256
12079,0.81928104
12080,0.45237783
12081,0.19613351
12082,0.21445072
12083,0.22270145
12084,0.42501384
12085,0.630629
12086,0.29648447
12087,0.89405376
12088,0.74143744
12089,0.27847385
12090,0.2978803
12091,0.7448012
12092,0.3841344
12093,0.3841344
12094,0.4713983
12095,0.88019186
12096,0.7875531
12097,0.5769349
12098,0.7349839
12099,0.7896911
12100,0.82211006
12101,0.8024878
12102,0.512035
12103,0.8881282
12104,0.0413084
12105,0.6608652
12106,0.6856761
12107,0.46884456
12108,0.7405744
12109,0.80141395
12110,0.82866824
12111,0.7129344
12112,0.7889159
12113,0.63646543
12114,0.838741
12115,0.60648006
12116,0.60648006
12117,0.5857807
12118,0.65454686
12119,0.76823115
12120,0.66346097
12121,0.93965787
12122,0.8665484
12123,0.8665484
12124,0.8054233
12125,0.53093
12126,0.8642779
12127,0.79518336
12128,0.5589564
12129,0.5297367
12130,0.79952466
12131,0.69737554
12132,0.90096235
12133,0.4747488
12134,0.37440413
12135,0.4351879
12136,0.83809245
12137,0.06918429
12138,0.3743061
12139,0.29038382
12140,0.24399497
12141,0.6496547
12142,0.9315103
12143,0.88706106
12144,0.90040386
12145,0.73287356
12146,0.693233
12147,0.693233
12148,0.5420051
12149,0.5420051
12150,0.54901683
12151,0.5424094
12152,0.60163975
12153,0.66318446
12154,0.65487784
12155,0.64057297
12156,0.8968769
12157,0.31316355
12158,0.5745259
12159,0.35324624
12160,0.22499314
12161,0.34516653
12162,0.34050506
12163,0.34050506
12164,0.06283958
12165,0.13563725
12166,0.045145076
12167,0.8914105
12168,0.1798799
12169,0.42893156
12170,0.7108658
12171,0.8546925
12172,0.76130843
12173,0.7839849
12174,0.6564911
12175,0.49211553
12176,0.3297336
12177,0.61806935
12178,0.67429805
12179,0.7523451
12180,0.4533974
12181,0.53960294
12182,0.8186512
12183,0.73886895
12184,0.36222368
12185,0.07280077
12186,0.41223514
12187,0.28727597
12188,0.80233145
12189,0.8941669
12190,0.069144644
12191,0.92147774
12192,0.43418196
12193,0.2868164
12194,0.038812414
12195,0.6564911
12196,0.57509345
12197,0.57509345
12198,0.57509345
12199,0.57509345
12200,0.57509345
12201,0.7832986
12202,0.6564911
12203,0.57509345
12204,0.57509345
12205,0.78587824
12206,0.6850132
12207,0.57509345
12208,0.57509345
12209,0.7597267
12210,0.29435048
12211,0.2538419
12212,0.71716434
12213,0.45532
12214,0.88465524
12215,0.60018843
12216,0.5174719
12217,0.325441
12218,0.048743974
12219,0.4680375
12220,0.1640144
12221,0.39401078
12222,0.16497195
12223,0.8691491
12224,0.5356302
12225,0.19795422
12226,0.8737142
12227,0.7032329
12228,0.42288747
12229,0.76070064
12230,0.49963683
12231,0.70137733
12232,0.33431548
12233,0.40535086
12234,0.3388172
12235,0.40269458
12236,0.5854732
12237,0.81094843
12238,0.10938765
12239,0.91437453
12240,0.40172955
12241,0.258151
12242,0.63646543
12243,0.0283692
12244,0.70321435
12245,0.77573264
12246,0.9193479
12247,0.267463
12248,0.67272687
12249,0.30846673
12250,0.66789657
12251,0.5693129
12252,0.80648655
12253,0.20707396
12254,0.95781404
12255,0.21720243
12256,0.15997867
12257,0.88481957
12258,0.85458803
12259,0.33219162
12260,0.68636805
12261,0.87833655
12262,0.32256752
12263,0.4015496
12264,0.7436343
12265,0.7918637
12266,0.65632254
12267,0.6533488
12268,0.44126666
12269,0.75357425
12270,0.4709332
12271,0.6098894
12272,0.6567418
12273,0.831442
12274,0.66515005
12275,0.89964545
12276,0.5221973
12277,0.32436404
12278,0.63066524
12279,0.589626
12280,0.83412826
12281,0.7291301
12282,0.35966843
12283,0.5413933
12284,0.73570913
12285,0.73570913
12286,0.15698121
12287,0.56087095
12288,0.50289446
12289,0.289773
12290,0.3305278
12291,0.28232
12292,0.4527112
12293,0.8079917
12294,0.80544907
12295,0.5755127
12296,0.59023833
12297,0.1877295
12298,0.55665386
12299,0.1307607
12300,0.7861583
12301,0.7839734
12302,0.87392765
12303,0.93787384
12304,0.93368053
12305,0.54289263
12306,0.026371315
12307,0.378094
12308,0.378094
12309,0.113423206
12310,0.6817284
12311,0.68125516
12312,0.48766276
12313,0.703703
12314,0.6157248
12315,0.703703
12316,0.43945652
12317,0.5696009
12318,0.61932087
12319,0.057697497
12320,0.11944629
12321,0.14079602
12322,0.09969902
12323,0.10687092
12324,0.0962247
12325,0.20887609
12326,0.10341661
12327,0.11944629
12328,0.10911915
12329,0.12981947
12330,0.20887609
12331,0.08099641
12332,0.06795668
12333,0.0987562
12334,0.06795668
12335,0.23281488
12336,0.06795668
12337,0.06795668
12338,0.08174755
12339,0.2646042
12340,0.8794235
12341,0.86428225
12342,0.9189209
12343,0.636629
12344,0.91986996
12345,0.06795668
12346,0.06795668
12347,0.074875675
12348,0.06795668
12349,0.06795668
12350,0.06795668
12351,0.22292706
12352,0.32622027
12353,0.32858986
12354,0.28065434
12355,0.7994075
12356,0.18949045
12357,0.21411711
12358,0.12462674
12359,0.3916778
12360,0.84109634
12361,0.775912
12362,0.28276312
12363,0.302609
12364,0.8481226
12365,0.30357847
12366,0.28893188
12367,0.13060994
12368,0.21626784
