Opportunity_ID,Target
10689,0.63627934
10690,0.58035886
10691,0.4337846
10692,0.38454887
10693,0.7918283
10694,0.7918283
10695,0.6044961
10696,0.6044961
10697,0.6153216
10698,0.7566058
10699,0.7566058
10700,0.5513323
10701,0.68376637
10702,0.68376637
10703,0.68376637
10704,0.85791326
10705,0.7401979
10706,0.6733505
10707,0.7095459
10708,0.44078845
10709,0.89790225
10710,0.5009882
10711,0.72853863
10712,0.83501124
10713,0.63857037
10714,0.66630805
10715,0.81078714
10716,0.91077626
10717,0.5946485
10718,0.49740535
10719,0.6366606
10720,0.23050122
10721,0.3271563
10722,0.7698841
10723,0.62151164
10724,0.85664713
10725,0.91150343
10726,0.7373999
10727,0.44323444
10728,0.8654581
10729,0.74005175
10730,0.7853287
10731,0.2797445
10732,0.7124266
10733,0.7124266
10734,0.33655104
10735,0.89144427
10736,0.8347772
10737,0.6638716
10738,0.26534492
10739,0.5008017
10740,0.102685496
10741,0.80584043
10742,0.589859
10743,0.64896965
10744,0.5886689
10745,0.5886689
10746,0.5886689
10747,0.5886689
10748,0.44147748
10749,0.6666631
10750,0.64877945
10751,0.48497283
10752,0.48497283
10753,0.45672
10754,0.45701158
10755,0.7601023
10756,0.65390086
10757,0.33707944
10758,0.22664209
10759,0.30238256
10760,0.093494006
10761,0.7001345
10762,0.7648826
10763,0.69193345
10764,0.6393829
10765,0.2608168
10766,0.6061208
10767,0.61496603
10768,0.44419625
10769,0.65784234
10770,0.5133872
10771,0.44377586
10772,0.63274026
10773,0.8190493
10774,0.448736
10775,0.36336696
10776,0.6456907
10777,0.78209394
10778,0.907918
10779,0.7425893
10780,0.7041057
10781,0.18428971
10782,0.090335935
10783,0.08376371
10784,0.80719817
10785,0.7502666
10786,0.028958848
10787,0.7105657
10788,0.42106566
10789,0.23269701
10790,0.39748013
10791,0.66941756
10792,0.6512197
10793,0.55377907
10794,0.55377907
10795,0.6393829
10796,0.47755647
10797,0.47755647
10798,0.35650334
10799,0.47755647
10800,0.44295785
10801,0.35238814
10802,0.43562886
10803,0.015902514
10804,0.9130632
10805,0.067841366
10806,0.73261696
10807,0.41071025
10808,0.36518985
10809,0.7683157
10810,0.016227204
10811,0.25475895
10812,0.5792873
10813,0.10412044
10814,0.054341618
10815,0.8423414
10816,0.6206607
10817,0.408303
10818,0.6836096
10819,0.40559477
10820,0.6242784
10821,0.20071863
10822,0.015190447
10823,0.8746811
10824,0.14923045
10825,0.57454926
10826,0.7062116
10827,0.89865947
10828,0.76746315
10829,0.90504354
10830,0.14735486
10831,0.54809135
10832,0.13200244
10833,0.12949924
10834,0.040936153
10835,0.13291453
10836,0.77600384
10837,0.8256014
10838,0.11108484
10839,0.040982924
10840,0.56619877
10841,0.2144291
10842,0.5758818
10843,0.5758818
10844,0.82373923
10845,0.88842064
10846,0.6828886
10847,0.6810925
10848,0.30238256
10849,0.7426963
10850,0.7426963
10851,0.045326866
10852,0.40772444
10853,0.7307968
10854,0.74428105
10855,0.509299
10856,0.45605758
10857,0.7775785
10858,0.68444026
10859,0.07563842
10860,0.015642174
10861,0.008264199
10862,0.33655104
10863,0.07125127
10864,0.91046226
10865,0.85124665
10866,0.07316889
10867,0.22946502
10868,0.58019376
10869,0.0464573
10870,0.40965095
10871,0.9051415
10872,0.016848674
10873,0.2608168
10874,0.61496603
10875,0.8824419
10876,0.8799502
10877,0.9452181
10878,0.377177
10879,0.1732811
10880,0.013687263
10881,0.6909063
10882,0.24800435
10883,0.39805478
10884,0.35315934
10885,0.67696434
10886,0.49083245
10887,0.3083268
10888,0.5981399
10889,0.6829448
10890,0.5981399
10891,0.6364104
10892,0.7386422
10893,0.5582339
10894,0.7828733
10895,0.72664714
10896,0.6030444
10897,0.6030444
10898,0.08372243
10899,0.77750784
10900,0.48510492
10901,0.85886526
10902,0.3871693
10903,0.1335807
10904,0.758481
10905,0.7094448
10906,0.6382843
10907,0.51494247
10908,0.08253547
10909,0.708893
10910,0.24999186
10911,0.7901393
10912,0.38852933
10913,0.7605603
10914,0.0786288
10915,0.79370946
10916,0.64785683
10917,0.35707343
10918,0.63351226
10919,0.12800545
10920,0.6055403
10921,0.87873256
10922,0.32592493
10923,0.57362276
10924,0.81572783
10925,0.44895306
10926,0.055542372
10927,0.218147
10928,0.5538002
10929,0.6762389
10930,0.687798
10931,0.760408
10932,0.69744074
10933,0.101750515
10934,0.39593986
10935,0.39272487
10936,0.5835221
10937,0.30293828
10938,0.09763507
10939,0.6572802
10940,0.5350883
10941,0.55049914
10942,0.2165052
10943,0.2983344
10944,0.12004163
10945,0.4767809
10946,0.87750417
10947,0.45379055
10948,0.28603762
10949,0.778749
10950,0.041444387
10951,0.18663858
10952,0.4266573
10953,0.42166534
10954,0.4266573
10955,0.34229296
10956,0.27377534
10957,0.34229296
10958,0.27377534
10959,0.13988969
10960,0.7901393
10961,0.5642559
10962,0.40837297
10963,0.023141002
10964,0.8959104
10965,0.0077498225
10966,0.6809204
10967,0.87047964
10968,0.1749455
10969,0.73703086
10970,0.038816497
10971,0.7644057
10972,0.22851819
10973,0.09004002
10974,0.36752498
10975,0.7594229
10976,0.8029122
10977,0.76892525
10978,0.7904947
10979,0.94198734
10980,0.41127715
10981,0.57229286
10982,0.40817457
10983,0.40817457
10984,0.19304803
10985,0.05207613
10986,0.6030444
10987,0.58335704
10988,0.47961536
10989,0.24121271
10990,0.32658365
10991,0.24753919
10992,0.10881219
10993,0.8385043
10994,0.16701801
10995,0.55186886
10996,0.72303194
10997,0.037321553
10998,0.89694947
10999,0.5542508
11000,0.1188408
11001,0.37281296
11002,0.07503566
11003,0.03455135
11004,0.6366606
11005,0.19890293
11006,0.29827932
11007,0.81572783
11008,0.1803857
11009,0.7853287
11010,0.8499967
11011,0.44953418
11012,0.68521947
11013,0.017520668
11014,0.70016724
11015,0.33374286
11016,0.16108719
11017,0.43307227
11018,0.12142979
11019,0.4190937
11020,0.022260448
11021,0.5402736
11022,0.6316819
11023,0.14075708
11024,0.19521797
11025,0.8081522
11026,0.8081522
11027,0.67757034
11028,0.44247633
11029,0.7125654
11030,0.53538185
11031,0.80085534
11032,0.24808466
11033,0.82429785
11034,0.10318891
11035,0.06812043
11036,0.8631106
11037,0.6926748
11038,0.744358
11039,0.6727048
11040,0.21457414
11041,0.64413804
11042,0.5019098
11043,0.5825058
11044,0.5456693
11045,0.018951826
11046,0.4403449
11047,0.11978888
11048,0.32757056
11049,0.24672951
11050,0.3252475
11051,0.7323797
11052,0.07715358
11053,0.30029812
11054,0.33546662
11055,0.5302651
11056,0.3598546
11057,0.5767761
11058,0.01046828
11059,0.23803385
11060,0.42816043
11061,0.10284901
11062,0.069647774
11063,0.6030444
11064,0.6030444
11065,0.74468505
11066,0.8451933
11067,0.54012614
11068,0.73144543
11069,0.19933808
11070,0.76508427
11071,0.41148543
11072,0.7323797
11073,0.5755483
11074,0.21998069
11075,0.4077868
11076,0.8088648
11077,0.44294846
11078,0.34818685
11079,0.6640623
11080,0.5077822
11081,0.6310697
11082,0.18377692
11083,0.13235964
11084,0.18105711
11085,0.55982876
11086,0.63627285
11087,0.79185164
11088,0.015190447
11089,0.2704674
11090,0.020662677
11091,0.33713514
11092,0.53864175
11093,0.4321349
11094,0.38747847
11095,0.5081027
11096,0.5081027
11097,0.23620938
11098,0.21415174
11099,0.39988086
11100,0.5448841
11101,0.56142575
11102,0.71899486
11103,0.44789857
11104,0.7180286
11105,0.16389674
11106,0.041667372
11107,0.19906421
11108,0.8908914
11109,0.67569077
11110,0.43799427
11222,0.46375325
11223,0.6030444
11224,0.6030444
11225,0.218147
11226,0.8620395
11227,0.009425225
11228,0.4192676
11229,0.78020585
11230,0.62525105
11231,0.7306859
11232,0.49339384
11233,0.76805246
11234,0.698673
11235,0.19716842
11236,0.93282837
11237,0.1002038
11238,0.56822747
11239,0.055542372
11240,0.12933569
11241,0.8111678
11242,0.69046843
11243,0.101068996
11244,0.10438728
11245,0.76649106
11246,0.118261725
11247,0.09461586
11248,0.47907075
11249,0.680898
11250,0.12587708
11251,0.72512555
11252,0.4985603
11253,0.74451274
11254,0.45268956
11255,0.772678
11256,0.89215046
11257,0.20992622
11258,0.12602197
11259,0.9225022
11260,0.9062967
11261,0.39804658
11262,0.891798
11263,0.8028954
11264,0.830847
11265,0.51869184
11266,0.039308753
11267,0.7125654
11268,0.6840167
11269,0.3296742
11270,0.12231537
11271,0.0861569
11272,0.70622116
11273,0.6812566
11274,0.8773496
11275,0.8948087
11276,0.6061208
11277,0.6061208
11278,0.44125748
11279,0.24408495
11280,0.5057788
11281,0.43021494
11282,0.20229006
11283,0.07420144
11284,0.015642174
11285,0.27674815
11286,0.33946434
11287,0.89215046
11288,0.6467996
11289,0.33655104
11290,0.4816838
11291,0.115642
11292,0.55471647
11293,0.6364104
11294,0.14945582
11295,0.07893907
11296,0.14114882
11297,0.05426693
11298,0.5996349
11299,0.7768802
11300,0.36393246
11301,0.59680295
11302,0.42257896
11303,0.8423414
11304,0.5598919
11305,0.1966599
11306,0.07983943
11307,0.18442895
11308,0.87322193
11309,0.5428515
11310,0.6183666
11311,0.5715531
11312,0.46933982
11313,0.44472605
11314,0.14994507
11315,0.58111614
11316,0.7610911
11317,0.22657804
11318,0.6986343
11319,0.7792108
11320,0.7224835
11321,0.55271107
11322,0.7125654
11323,0.6797781
11324,0.7365588
11325,0.12166879
11326,0.3356819
11327,0.41868064
11328,0.69844735
11329,0.15494823
11330,0.30616438
11331,0.31123152
11332,0.76078206
11333,0.8627391
11334,0.62743795
11335,0.74782634
11336,0.40500322
11337,0.6598418
11338,0.5911383
11339,0.1693449
11340,0.050664984
11341,0.14632393
11342,0.81537944
11343,0.3349912
11344,0.5910611
11345,0.7314468
11346,0.028982239
11347,0.32651517
11348,0.89865947
11349,0.69074994
11350,0.12768361
11351,0.081380196
11352,0.8361276
11353,0.8513967
11354,0.060088903
11355,0.17609507
11356,0.6828886
11357,0.74038756
11358,0.25189474
11359,0.041497022
11360,0.20740396
11361,0.710395
11362,0.71913457
11363,0.08786878
11364,0.05786236
11365,0.90558887
11366,0.83072245
11367,0.097581
11368,0.4639068
11369,0.1569969
11370,0.8324946
11371,0.7979019
11372,0.65365887
11373,0.2977567
11374,0.22526795
11375,0.7306767
11376,0.21415174
11377,0.20356072
11378,0.3210103
11379,0.38535437
11380,0.38941708
11381,0.51209503
11382,0.5860311
11383,0.8583014
11384,0.8841974
11385,0.024841411
11386,0.6290997
11387,0.21902403
11388,0.87427413
11389,0.05267269
11390,0.15546404
11391,0.15546404
11392,0.16701801
11393,0.8127095
11394,0.8064362
11395,0.41245067
11396,0.72861564
11397,0.3520458
11398,0.63211143
11399,0.58523583
11400,0.59157234
11401,0.49803966
11402,0.5360956
11403,0.08629512
11404,0.35982788
11405,0.35982788
11406,0.11218246
11407,0.6781638
11408,0.61151016
11409,0.41116032
11410,0.5862566
11411,0.6652748
11412,0.6366606
11413,0.54586697
11414,0.9076763
11415,0.07429247
11416,0.7193262
11417,0.3180751
11418,0.25330648
11419,0.856288
11420,0.3340228
11421,0.1655039
11422,0.09234897
11423,0.31109673
11424,0.3906469
11425,0.3779871
11426,0.67146015
11427,0.13645886
11428,0.09234897
11429,0.09234897
11430,0.09234897
11431,0.123161435
11432,0.123161435
11433,0.20114857
11434,0.20114857
11435,0.58154345
11436,0.0464573
11437,0.3351616
11438,0.33608747
11439,0.8385043
11440,0.6053187
11441,0.75004077
11442,0.011227577
11443,0.37332267
11444,0.38173428
11445,0.794759
11446,0.7743709
11447,0.10914427
11448,0.10914427
11449,0.08151258
11450,0.29138154
11451,0.26947728
11452,0.33288795
11453,0.31497428
11454,0.28383315
11455,0.14747818
11456,0.44054627
11457,0.40607888
11458,0.24856529
11459,0.009537357
11460,0.09280263
11461,0.43842822
11462,0.14592129
11463,0.2842346
11464,0.31750965
11465,0.23975375
11466,0.25378352
11467,0.23537123
11468,0.2055804
11469,0.04582885
11470,0.5881652
11471,0.6653274
11472,0.63045424
11473,0.89377594
11474,0.5758818
11475,0.40772444
11476,0.24038875
11477,0.7720256
11478,0.89865947
11479,0.5806154
11480,0.27752057
11481,0.06568702
11482,0.06568702
11483,0.25801906
11484,0.07790217
11485,0.030065041
11486,0.19653037
11487,0.034080423
11488,0.6482323
11489,0.758545
11490,0.24834484
11491,0.24197842
11492,0.5524306
11493,0.4847791
11494,0.37851885
11495,0.23430991
11496,0.19662301
11497,0.7204902
11498,0.08037037
11499,0.67436594
11500,0.81540537
11501,0.86747277
11502,0.49946046
11503,0.45181715
11504,0.29423222
11505,0.6325558
11506,0.7081659
11507,0.20934905
11508,0.7624341
11509,0.3906469
11510,0.22466509
11511,0.7365588
11512,0.6296606
11513,0.151339
11514,0.6693449
11515,0.20396987
11516,0.6886545
11517,0.44793493
11518,0.44856682
11519,0.9263621
11520,0.7192919
11521,0.84159577
11522,0.77576584
11523,0.13209653
11524,0.6693449
11525,0.7001345
11526,0.6693449
11527,0.6693449
11528,0.90384334
11529,0.5137122
11530,0.016222801
11531,0.17128275
11532,0.4296489
11533,0.33655104
11534,0.5749238
11535,0.15399444
11536,0.69964176
11537,0.6510639
11538,0.02549238
11539,0.59063804
11540,0.9209483
11541,0.052335717
11542,0.5137122
11543,0.85886526
11544,0.41055876
11545,0.33138892
11546,0.61851907
11547,0.5243738
11548,0.4963012
11549,0.52184904
11550,0.1607655
11551,0.62412417
11552,0.5399321
11553,0.1096165
11554,0.56449175
11555,0.026988983
11556,0.09329058
11557,0.21172279
11558,0.18583097
11559,0.63973135
11560,0.58487064
11561,0.09158143
11562,0.27139822
11563,0.7594569
11564,0.70177037
11565,0.84159577
11566,0.28204948
11567,0.44246534
11568,0.6823441
11569,0.40965095
11570,0.17615125
11571,0.55288815
11572,0.51403916
11573,0.5780485
11574,0.7194756
11575,0.7211539
11576,0.5407415
11577,0.44937938
11578,0.115642
11579,0.1747597
11580,0.839583
11581,0.6803589
11582,0.21121861
11583,0.7846461
11584,0.5982427
11585,0.5984225
11586,0.72290236
11587,0.86657804
11588,0.8306884
11589,0.8595196
11590,0.42411682
11591,0.37243968
11592,0.37243968
11594,0.7915704
11595,0.3207432
11596,0.6258014
11597,0.6216904
11598,0.6296606
11599,0.7365588
11600,0.74239254
11601,0.82296467
11602,0.7917473
11603,0.19799289
11604,0.44649675
11605,0.33655104
11606,0.5506311
11607,0.612824
11608,0.14289266
11609,0.04255001
11610,0.21351165
11611,0.3902633
11612,0.24592027
11613,0.43700537
11614,0.5358875
11615,0.24316932
11616,0.12788525
11617,0.20081918
11618,0.38727182
11619,0.16329277
11620,0.5805216
11621,0.01416695
11622,0.11069982
11623,0.15983284
11624,0.914462
11625,0.44911337
11626,0.76468205
11627,0.8084228
11628,0.62880564
11629,0.4376342
11630,0.30985576
11631,0.82639337
11632,0.8433331
11633,0.80276245
11634,0.15546404
11635,0.24462906
11636,0.55145395
11637,0.016629063
11638,0.5047595
11639,0.10818771
11640,0.23540574
11641,0.32383406
11642,0.05612016
11643,0.585488
11644,0.585488
11645,0.5267365
11646,0.8389257
11647,0.21392134
11648,0.34188867
11649,0.55532235
11650,0.7242415
11651,0.5034043
11652,0.53475434
11653,0.5087928
11654,0.79059887
11655,0.76809675
11656,0.5526177
11657,0.66635585
11658,0.7163883
11659,0.6337559
11660,0.124183625
11661,0.87072545
11662,0.5190929
11663,0.8709884
11664,0.056539383
11665,0.28036582
11666,0.536835
11668,0.016308665
11669,0.31584308
11670,0.44088632
11671,0.44088632
11672,0.18454292
11673,0.48998633
11674,0.75696224
11675,0.2673005
11676,0.52505946
11677,0.55121756
11678,0.55121756
11679,0.20507506
11680,0.3285886
11681,0.3789397
11682,0.009600861
11683,0.0426755
11684,0.08299106
11685,0.12757383
11686,0.019629216
11687,0.27333128
11688,0.39050034
11689,0.18311594
11690,0.06648796
11691,0.06648796
11692,0.2507382
11693,0.06465811
11694,0.42257896
11695,0.7898332
11696,0.8598393
11697,0.89144427
11698,0.18936984
11699,0.4796696
11700,0.72275734
11701,0.22354542
11702,0.6040896
11703,0.3091598
11704,0.34305647
11705,0.317264
11706,0.056913357
11707,0.65310985
11708,0.6030444
11709,0.73413384
11710,0.73413384
11711,0.5939826
11712,0.6645671
11713,0.6467217
11714,0.09829641
11715,0.09829641
11716,0.09829641
11717,0.60139036
11718,0.40387636
11719,0.2514206
11720,0.3083268
11721,0.9121696
11722,0.44110322
11723,0.75568444
11724,0.11150598
11725,0.4951533
11726,0.21287797
11727,0.6322284
11728,0.5434008
11729,0.3919284
11730,0.5805216
11731,0.48464522
11732,0.39862016
11733,0.8590626
11734,0.9193812
11735,0.8451933
11736,0.8385824
11737,0.46843758
11738,0.32950667
11739,0.35593158
11740,0.03469065
11741,0.36377457
11742,0.1487292
11743,0.12184294
11744,0.33655104
11745,0.19167492
11746,0.10246186
11747,0.53493255
11748,0.010825778
11749,0.12383816
11750,0.7410704
11751,0.42814958
11752,0.3344409
11753,0.3318231
11754,0.4578786
11755,0.18661374
11756,0.30548403
11757,0.18583097
11758,0.64232945
11759,0.64877945
11760,0.69691
11761,0.22924308
11762,0.43408126
11763,0.81450635
11764,0.81450635
11765,0.15008563
11766,0.14892693
11767,0.13437098
11768,0.65310985
11769,0.6030444
11770,0.4973606
11771,0.82296467
11772,0.21373641
11773,0.6054466
11774,0.8451933
11775,0.8451933
11776,0.8451933
11777,0.8451933
11778,0.28890574
11779,0.008127534
11780,0.6262034
11781,0.66208035
11782,0.82280946
11783,0.571639
11784,0.2831053
11785,0.7150281
11786,0.28676283
11787,0.81120056
11788,0.39684084
11789,0.54011416
11790,0.50691015
11791,0.18790072
11792,0.1880929
11793,0.27250105
11794,0.6596401
11795,0.5009882
11796,0.6203021
11797,0.37536818
11798,0.39757726
11799,0.69964176
11800,0.9299172
11801,0.7917473
11802,0.91687155
11803,0.89732474
11804,0.53592384
11805,0.70857096
11806,0.30617014
11807,0.20107265
11808,0.12663308
11809,0.5657688
11810,0.5657688
11811,0.9121696
11812,0.61712444
11813,0.1766872
11814,0.76099086
11815,0.3419141
11816,0.1589914
11817,0.4542236
11818,0.09598787
11819,0.42298055
11820,0.53550935
11821,0.708893
11822,0.708893
11823,0.047939338
11824,0.1080421
11825,0.07292588
11826,0.38155898
11827,0.33003354
11828,0.36951178
11829,0.32752153
11830,0.5508667
11831,0.8650446
11832,0.708893
11833,0.708893
11834,0.11418203
11835,0.708893
11836,0.708893
11837,0.708893
11838,0.708893
11839,0.708893
11840,0.708893
11841,0.109917186
11842,0.07890923
11843,0.7817861
11844,0.708893
11845,0.708893
11846,0.708893
11847,0.708893
11848,0.708893
11849,0.708893
11850,0.708893
11851,0.708893
11852,0.708893
11853,0.61871994
11854,0.61871994
11855,0.61871994
11856,0.032176048
11857,0.26399586
11858,0.91682374
11859,0.40523726
11860,0.708893
11861,0.5895165
11862,0.42814958
11863,0.42814958
11864,0.3318231
11865,0.3318231
11866,0.3318231
11867,0.3318231
11868,0.84232074
11869,0.71995836
11870,0.582682
11871,0.1746976
11872,0.8325906
11873,0.9287364
11874,0.8325906
11875,0.22407442
11876,0.48998633
11877,0.27344394
11878,0.1868663
11879,0.8076451
11880,0.83526754
11881,0.7958217
11882,0.59233123
11883,0.4071851
11884,0.40908748
11885,0.31141365
11886,0.9237787
11887,0.9059787
11888,0.78752804
11889,0.32444584
11890,0.528775
11891,0.35480717
11892,0.35480717
11893,0.35480717
11894,0.3344409
11895,0.28204948
11896,0.6427742
11897,0.7368221
11898,0.18958612
11899,0.8075731
11900,0.6357759
11901,0.6261583
11902,0.72555184
11903,0.5594412
11904,0.54582083
11905,0.553981
11906,0.5998386
11907,0.59266317
11908,0.6581081
11909,0.6840643
11910,0.6840643
11911,0.88701844
11912,0.67916906
11913,0.7280321
11914,0.70967066
11915,0.6358293
11916,0.6133805
11917,0.12395903
11918,0.44760928
11919,0.85559213
11920,0.42838678
11921,0.79802966
11922,0.89542145
11923,0.306957
11924,0.31398737
11925,0.17681035
11926,0.880231
11927,0.700484
11928,0.35493574
11929,0.33598143
11930,0.35493574
11931,0.43677965
11932,0.32417294
11933,0.85560584
11934,0.1233333
11935,0.712395
11936,0.91756344
11937,0.83501124
11938,0.79059887
11939,0.76809675
11940,0.4402696
11941,0.76956105
11942,0.102657765
11943,0.56719846
11944,0.700484
11945,0.14546552
11946,0.14886016
11947,0.28480858
11948,0.40911832
11949,0.2913858
11950,0.05519895
11951,0.32522306
11952,0.6836811
11953,0.8489703
11954,0.47531453
11955,0.6622153
11956,0.21471101
11957,0.07811794
11958,0.26605198
11959,0.6840643
11960,0.21172279
11961,0.47116676
11962,0.8426802
11963,0.72811437
11964,0.8327003
11965,0.5462307
11966,0.57562804
11967,0.53666145
11968,0.94143856
11969,0.740019
11970,0.6003351
11971,0.020714046
11972,0.16484198
11973,0.5261081
11974,0.7440065
11975,0.6693449
11976,0.6693449
11977,0.33813465
11978,0.7213864
11979,0.7357476
11980,0.89977986
11981,0.44793493
11982,0.8746811
11983,0.15028776
11984,0.09266432
11985,0.72275734
11986,0.3893488
11987,0.57230616
11988,0.20750207
11989,0.45240983
11990,0.61662453
11991,0.63981396
11992,0.67131567
11993,0.41125825
11994,0.7417726
11995,0.019023206
11996,0.4200699
11997,0.8124368
11998,0.607346
11999,0.8625403
12000,0.8746811
12001,0.09889154
12002,0.14657748
12003,0.5442133
12004,0.41972613
12005,0.7080264
12006,0.7088358
12007,0.6203021
12008,0.6203021
12009,0.78981936
12010,0.7783707
12011,0.84769315
12012,0.35029358
12013,0.5468137
12014,0.87888074
12015,0.914462
12016,0.55617326
12017,0.6937831
12018,0.03900752
12019,0.4986208
12020,0.54916304
12021,0.5749238
12022,0.050264157
12023,0.5114738
12024,0.80610675
12025,0.069279484
12026,0.2981167
12027,0.07065789
12028,0.3829495
12029,0.30173734
12030,0.3236328
12031,0.93624824
12032,0.7917473
12033,0.1671656
12034,0.3692
12035,0.6486118
12036,0.7917473
12037,0.81341785
12038,0.46059477
12039,0.57197076
12040,0.21415174
12041,0.84103143
12042,0.6485602
12043,0.9095931
12044,0.87826616
12045,0.8869643
12046,0.87826616
12047,0.87826616
12048,0.7168202
12049,0.8746811
12050,0.522907
12051,0.10483001
12052,0.11765426
12053,0.28355354
12054,0.14953446
12055,0.6041089
12056,0.029213391
12057,0.5630428
12058,0.5407415
12059,0.04596832
12060,0.6473064
12061,0.88613373
12062,0.82065415
12063,0.84801733
12064,0.36957538
12065,0.2289493
12066,0.18437329
12067,0.18437329
12068,0.18437329
12069,0.18437329
12070,0.3811939
12071,0.3695831
12072,0.34700814
12073,0.6828926
12074,0.6461495
12075,0.8591349
12076,0.9459424
12077,0.72275734
12078,0.9237787
12079,0.8068296
12080,0.51635426
12081,0.39068282
12082,0.49930713
12083,0.46031827
12084,0.24788955
12085,0.8527755
12086,0.34963012
12087,0.8877266
12088,0.607346
12089,0.64229625
12090,0.5407415
12091,0.69844735
12092,0.14062911
12093,0.44472605
12094,0.23623642
12095,0.50885695
12096,0.43357036
12097,0.74871165
12098,0.45286703
12099,0.6416638
12100,0.61644137
12101,0.8123832
12102,0.65542066
12103,0.7082335
12104,0.10616755
12105,0.61402047
12106,0.7387615
12107,0.658661
12108,0.74871165
12109,0.766937
12110,0.7548582
12111,0.52456725
12112,0.74871165
12113,0.7783707
12114,0.76382077
12115,0.33426258
12116,0.5032878
12117,0.2043468
12118,0.48365366
12119,0.74486935
12120,0.6987693
12121,0.89877355
12122,0.8451933
12123,0.8451933
12124,0.73144543
12125,0.776992
12126,0.67372674
12127,0.55377907
12128,0.7917473
12129,0.7917473
12130,0.8639768
12131,0.9129994
12132,0.35578698
12133,0.123163685
12134,0.10137611
12135,0.12949924
12136,0.6555746
12137,0.2605251
12138,0.55264074
12139,0.040958017
12140,0.11589259
12141,0.22637299
12142,0.90356946
12143,0.9095931
12144,0.9095931
12145,0.9095931
12146,0.9095931
12147,0.9095931
12148,0.82333475
12149,0.82333475
12150,0.8373238
12151,0.82333475
12152,0.841761
12153,0.4768373
12154,0.7737181
12155,0.46579602
12156,0.89144427
12157,0.5749238
12158,0.5749238
12159,0.45004016
12160,0.83349234
12161,0.42301235
12162,0.3961609
12163,0.40085238
12164,0.09431881
12165,0.42290124
12166,0.20611598
12167,0.8709884
12168,0.11221638
12169,0.4114222
12170,0.887068
12171,0.85995275
12172,0.7124266
12173,0.72125953
12174,0.1355361
12175,0.6055403
12176,0.66798335
12177,0.7202649
12178,0.6791182
12179,0.7470882
12180,0.38825682
12181,0.5749238
12182,0.6077056
12183,0.5805028
12184,0.52498394
12185,0.1571466
12186,0.29558685
12187,0.6938977
12188,0.18049511
12189,0.78971636
12190,0.21763675
12191,0.74528366
12192,0.7642014
12193,0.25714844
12194,0.024921052
12195,0.1355361
12196,0.1355361
12197,0.1355361
12198,0.1355361
12199,0.1355361
12200,0.08928399
12201,0.21828096
12202,0.1355361
12203,0.1355361
12204,0.1355361
12205,0.13944215
12206,0.1355361
12207,0.1355361
12208,0.1355361
12209,0.13944215
12210,0.14676006
12211,0.532082
12212,0.6272903
12213,0.80451846
12214,0.81559205
12215,0.50923544
12216,0.8687665
12217,0.58523583
12218,0.38581312
12219,0.8279372
12220,0.15283127
12221,0.6085954
12222,0.1340898
12223,0.77433085
12224,0.568881
12225,0.08773375
12226,0.7197556
12227,0.6310071
12228,0.08617844
12229,0.6807761
12230,0.6875575
12231,0.8017143
12232,0.58237505
12233,0.43688637
12234,0.33738214
12235,0.40965095
12236,0.64878756
12237,0.6905941
12238,0.1684254
12239,0.88969105
12240,0.40965095
12241,0.14490174
12242,0.7783707
12243,0.06352189
12244,0.6526485
12245,0.49104398
12246,0.84232074
12247,0.09584657
12248,0.79300517
12249,0.1576487
12250,0.61141443
12251,0.80892086
12252,0.6981073
12253,0.33352444
12254,0.93333334
12255,0.33655104
12256,0.07516004
12257,0.89144427
12258,0.6509948
12259,0.13705097
12260,0.7210107
12261,0.79651964
12262,0.30651477
12263,0.3427506
12264,0.6337559
12265,0.85192144
12266,0.8141281
12267,0.65982354
12268,0.7270411
12269,0.70888424
12270,0.7270411
12271,0.73381096
12272,0.5263206
12273,0.63857037
12274,0.7835791
12275,0.8529678
12276,0.7337936
12277,0.8874922
12278,0.79363894
12279,0.79363894
12280,0.700484
12281,0.5745452
12282,0.3320732
12283,0.7759937
12284,0.5675285
12285,0.5895165
12286,0.31214657
12287,0.55338174
12288,0.47397384
12289,0.68728656
12290,0.3502375
12291,0.4290059
12292,0.822251
12293,0.8450318
12294,0.69976264
12295,0.13645886
12296,0.39972022
12297,0.37112293
12298,0.73592544
12299,0.1542439
12300,0.8066461
12301,0.7670455
12302,0.8451933
12303,0.87945557
12304,0.90151024
12305,0.5391447
12306,0.088405065
12307,0.12154942
12308,0.12154942
12309,0.118596666
12310,0.8970919
12311,0.5456843
12312,0.5642559
12313,0.57562804
12314,0.7862047
12315,0.57562804
12316,0.4862761
12317,0.7188067
12318,0.3692
12319,0.13703676
12320,0.12678272
12321,0.12678272
12322,0.21975444
12323,0.1750582
12324,0.1873408
12325,0.22657804
12326,0.21453963
12327,0.12678272
12328,0.22657804
12329,0.12678272
12330,0.27996433
12331,0.1873408
12332,0.20120762
12333,0.1750582
12334,0.1873408
12335,0.1873408
12336,0.1873408
12337,0.06393395
12338,0.07775627
12339,0.29302028
12340,0.7533902
12341,0.8888555
12342,0.89865947
12343,0.5908835
12344,0.8642362
12345,0.1873408
12346,0.1873408
12347,0.1873408
12348,0.1873408
12349,0.06393395
12350,0.1873408
12351,0.20904407
12352,0.63773257
12353,0.49388993
12354,0.29210633
12355,0.5802356
12356,0.1924046
12357,0.4572363
12358,0.5749238
12359,0.5635551
12360,0.75104654
12361,0.8103062
12362,0.68685675
12363,0.36620808
12364,0.642488
12365,0.31618625
12366,0.23027654
12367,0.35792318
12368,0.29517686
